companyName,website,linkedInUrl,contactInfo
AdPro,http://www.adproresults.com/,https://www.linkedin.com/company/adpro-results/,Advertising Services
Adrenalin eSystems Ltd,undefined,https://www.linkedin.com/company/adrenalinmax/,Human Resources Services
Amazon,https://www.aboutamazon.com/,https://www.linkedin.com/company/amazon/,Software Development
Karbon Business,undefined,https://www.linkedin.com/company/karbonbusiness/,Financial Services
OPPO,http://www.oppo.com/en,https://www.linkedin.com/company/oppo/,Telecommunications
Advanced Business Solutions | SAP Gold Partner in Jordan,undefined,https://www.linkedin.com/company/e2abs/,Software Development
ADVA,http://www.adva.com/,https://www.linkedin.com/company/adva-optical-networking/,Telecommunications
Advaita Group,http://advaita.trade/,https://www.linkedin.com/company/advaita-group/,Mining
Advaiya Solutions, Inc,undefined,https://www.linkedin.com/company/advaiya-inc/,IT Services and IT Consulting
Advanced Clinical,http://www.advancedclinical.com/,https://www.linkedin.com/company/advanced-clinical/,Biotechnology Research
Advantest,https://www.advantest.com/,https://www.linkedin.com/company/advantest/,Semiconductor Manufacturing
ADVANZ PHARMA,https://www.advanzpharma.com/,https://www.linkedin.com/company/advanz-pharma/,Pharmaceutical Manufacturing
Advarra,undefined,https://www.linkedin.com/company/advarra/,Pharmaceutical Manufacturing
Advisor360°,undefined,https://www.linkedin.com/company/advisor360/,Financial Services
AECO Innovation Lab,undefined,https://www.linkedin.com/company/aeco-innovation-lab/,Software Development
AECOM,http://www.aecom.com/,https://www.linkedin.com/company/aecom/,Civil Engineering
Aecor Digital,undefined,https://www.linkedin.com/company/aecor-digital/,IT Services and IT Consulting
Aegis,undefined,https://www.linkedin.com/company/aegis_5/,IT Services and IT Consulting
AEL Sistemas,undefined,https://www.linkedin.com/company/ael-sistemas/,Defense and Space Manufacturing
Aeon,undefined,https://www.linkedin.com/company/aeonmn/,Real Estate
Aeren LPO,undefined,https://www.linkedin.com/company/aeren-lpo/,Legal Services
Aeren LPO,undefined,https://www.linkedin.com/company/aeren-lpo/,Legal Services
Aereon,http://www.aereon.com/,https://www.linkedin.com/company/aereon/,Oil and Gas
Aerospike,undefined,https://www.linkedin.com/company/aerospike-inc-/,Software Development
Aexonic,undefined,https://www.linkedin.com/company/aexonic-technologies/,IT Services and IT Consulting
Affinity,undefined,https://www.linkedin.com/company/affinity-portugal/,IT Services and IT Consulting
Affinity,undefined,https://www.linkedin.com/company/affinity-portugal/,IT Services and IT Consulting
AFour Technologies,undefined,https://www.linkedin.com/company/afour-technologies/,Software Development
Agastha Healthsoft Pvt. Ltd.,http://www.agastha.com/,https://www.linkedin.com/company/agastha-healthsoft/,IT Services and IT Consulting
Agathsya Technologies Pvt Ltd,http://www.agathsya.com/,https://www.linkedin.com/company/agathsya-technologies-pvt-ltd/,IT Services and IT Consulting
AGCO Corporation,http://www.agcocorp.com/,https://www.linkedin.com/company/agco-corporation/,Machinery Manufacturing
AGGRANDIZE,undefined,https://www.linkedin.com/company/aggrandize-it/,Information Technology & Services
Agile World ®,https://agile-world.news/,https://www.linkedin.com/company/agile-world-news/,Broadcast Media Production and Distribution
Agilent Technologies,http://www.agilent.com/,https://www.linkedin.com/company/agilent-technologies/,Biotechnology Research
Agiliance,undefined,https://www.linkedin.com/company/agiliance/,Accounting
Agility,http://www.agility.com/,https://www.linkedin.com/company/agility/,Transportation, Logistics, Supply Chain and Storage
agilon health,undefined,https://www.linkedin.com/company/agilonhealth/,Hospitals and Health Care
AGNEXT,undefined,https://www.linkedin.com/company/agnextworld/,Information Technology & Services
Agnisys, Inc.,undefined,https://www.linkedin.com/company/agnisys/,Software Development
Agnitio - A Bigtincan Company,http://www.agnitio.com/,https://www.linkedin.com/company/agnitio/,IT Services and IT Consulting
AGNITY,https://tnsi.com/tns-agnity-transition-page/,https://www.linkedin.com/company/agnity-inc/,IT Services and IT Consulting
AgreeYa Solutions,http://www.agreeya.com/,https://www.linkedin.com/company/agreeya-solutions/,IT Services and IT Consulting
AGS Health,https://www.agshealth.com/,https://www.linkedin.com/company/ags-health/,Hospitals and Health Care
AGT Ağaç Sanayi ve Ticaret A.Ş.,http://www.agt.com.tr/,https://www.linkedin.com/company/agtworld/,Paper and Forest Product Manufacturing
Aktionariat AG,undefined,https://www.linkedin.com/company/aktionariat-ag/,IT Services and IT Consulting
AIDASTECH CAREERS,https://www.aidastech.com/,https://www.linkedin.com/company/aidastech/,Data Infrastructure and Analytics
Air&Fiber Aljarafe,http://www.airfiberaljarafe.es/,https://www.linkedin.com/company/airfiberaljarafe/,Telecommunications